{"cameraMode":{"drawMode":0,"name":"Shaded","section":"Shading Mode"},"sceneLighting":true,"audioPlay":false,"sceneViewState":{"m_AlwaysRefresh":false,"showFog":true,"showSkybox":false,"showFlares":true,"showImageEffects":true,"showParticleSystems":true,"showVisualEffectGraphs":true,"m_FxEnabled":true},"in2DMode":false,"pivot":{"x":0.05420577526092529,"y":3.2136874198913576,"z":0.22206926345825196},"rotation":{"x":-0.19186478853225709,"y":-0.14747211337089539,"z":0.029175180941820146,"w":-0.9698411226272583},"size":1.138942837715149,"orthographic":false}