{"cameraMode":{"drawMode":0,"name":"Shaded","section":"Shading Mode"},"sceneLighting":true,"audioPlay":false,"sceneViewState":{"m_AlwaysRefresh":false,"showFog":true,"showSkybox":true,"showFlares":true,"showImageEffects":true,"showParticleSystems":true,"showVisualEffectGraphs":true,"m_FxEnabled":true},"in2DMode":false,"pivot":{"x":2.7688541412353517,"y":26.35666847229004,"z":-3.6079788208007814},"rotation":{"x":-0.15409548580646516,"y":0.21885477006435395,"z":0.03502480685710907,"w":0.9628791213035584},"size":28.51634979248047,"orthographic":false}