{"cameraMode":{"drawMode":0,"name":"Shaded","section":"Shading Mode"},"sceneLighting":false,"audioPlay":false,"sceneViewState":{"m_AlwaysRefresh":false,"showFog":true,"showSkybox":false,"showFlares":true,"showImageEffects":true,"showParticleSystems":true,"showVisualEffectGraphs":true,"m_FxEnabled":true},"in2DMode":false,"pivot":{"x":-0.004645943641662598,"y":3.425013542175293,"z":0.8681139945983887},"rotation":{"x":-0.059001173824071887,"y":0.5223665833473206,"z":-0.03626260161399841,"w":-0.8499062657356262},"size":4.0164384841918949,"orthographic":false}