{"cameraMode":{"drawMode":0,"name":"Shaded","section":"Shading Mode"},"sceneLighting":false,"audioPlay":false,"sceneViewState":{"m_AlwaysRefresh":false,"showFog":true,"showSkybox":false,"showFlares":true,"showImageEffects":true,"showParticleSystems":true,"showVisualEffectGraphs":true,"m_FxEnabled":true},"in2DMode":false,"pivot":{"x":309.5699768066406,"y":238.69996643066407,"z":-0.820000171661377},"rotation":{"x":-0.15409548580646516,"y":0.21885477006435395,"z":0.03502480685710907,"w":0.9628791213035584},"size":409.21710205078127,"orthographic":false}